MAFHXGLV	blind	a1	r0	skip this blind for the tag
WFA0ZXTQ	blind	a1	r0	skip this blind for the tag
NA8N1DLS	blind	a1	r0	skip this blind for the tag
JWXKA3G6	blind	a1	r0	play this blind
QKGFUYVS	blind	a1	r0	skip this blind for the tag
BXEMK4GS	blind	a1	r0	skip this blind for the tag
FFJRKUPV	blind	a1	r0	skip this blind for the tag
SEH225X2	blind	a1	r0	skip this blind for the tag
AV8TQA3C	blind	a1	r0	skip this blind for the tag
S5YB6S88	blind	a1	r0	play this blind
RDTCLXYK	blind	a1	r0	play this blind
LGXKZI99	blind	a1	r0	skip this blind for the tag
NA5RB3D9	blind	a1	r0	skip this blind for the tag
63E85TO5	blind	a1	r0	skip this blind for the tag
1MBBBK2D	blind	a1	r0	skip this blind for the tag
SEH225X2	blind	a1	r0	play this blind
AV8TQA3C	blind	a1	r0	play this blind
S5YB6S88	hand	a1	r0	select A♦
WFA0ZXTQ	pack	a1	r0	take tarot The Moon (then choose its target cards)
QKGFUYVS	blind	a1	r0	play this blind
LGXKZI99	blind	a1	r0	play this blind
NA5RB3D9	blind	a1	r0	play this blind
JWXKA3G6	hand	a1	r0	select Q♥
RDTCLXYK	hand	a1	r0	select J♥
MAFHXGLV	blind	a1	r0	play this blind
NA8N1DLS	blind	a1	r0	skip this blind for the tag
NA8N1DLS	blind	a1	r0	play this blind
63E85TO5	blind	a1	r0	skip this blind for the tag
63E85TO5	blind	a1	r0	play this blind
BXEMK4GS	pack	a1	r0	take tarot Judgement
1MBBBK2D	blind	a1	r0	play this blind
FFJRKUPV	blind	a1	r0	play this blind
SEH225X2	hand	a1	r0	select K♥
WFA0ZXTQ	pack	a1	r0	select 6♣
S5YB6S88	hand	a1	r0	play selected
RDTCLXYK	hand	a1	r0	discard selected
LGXKZI99	hand	a1	r0	select K♦
AV8TQA3C	hand	a1	r0	select Q♣
JWXKA3G6	hand	a1	r0	select Q♣
MAFHXGLV	hand	a1	r0	select K♣
BXEMK4GS	pack	a1	r0	take tarot The Chariot (then choose its target cards)
NA5RB3D9	hand	a1	r0	select K♦
63E85TO5	hand	a1	r0	select K♠
1MBBBK2D	hand	a1	r0	select Q♠
NA8N1DLS	hand	a1	r0	select 8♥
FFJRKUPV	hand	a1	r0	select A♣
SEH225X2	hand	a1	r0	select K♣
QKGFUYVS	hand	a1	r0	select A♥
S5YB6S88	hand	a1	r0	select K♥
RDTCLXYK	hand	a1	r0	select A♦
WFA0ZXTQ	pack	a1	r0	select A♦
BXEMK4GS	pack	a1	r0	select 9♥
AV8TQA3C	hand	a1	r0	play selected
JWXKA3G6	hand	a1	r0	play selected
NA5RB3D9	hand	a1	r0	discard selected
LGXKZI99	hand	a1	r0	discard selected
NA8N1DLS	hand	a1	r0	select 8♣
FFJRKUPV	hand	a1	r0	play selected
1MBBBK2D	hand	a1	r0	play selected
S5YB6S88	hand	a1	r0	play selected
SEH225X2	hand	a1	r0	play selected
BXEMK4GS	pack	a1	r0	apply The Chariot to selected
QKGFUYVS	hand	a1	r0	play selected
RDTCLXYK	hand	a1	r0	play selected
LGXKZI99	hand	a1	r0	select Q♥
NA5RB3D9	hand	a1	r0	select A♠
HUVNHEC3	blind	a1	r0	play this blind
WFA0ZXTQ	pack	a1	r0	apply The Moon to selected
NA8N1DLS	hand	a1	r0	play selected
MAFHXGLV	hand	a1	r0	select K♦
RDTCLXYK	hand	a1	r0	select K♣
S5YB6S88	hand	a1	r0	select 10♦
QKGFUYVS	hand	a1	r0	select 7♣
1MBBBK2D	hand	a1	r0	select A♠
NA5RB3D9	hand	a1	r0	discard selected
NA8N1DLS	hand	a1	r0	select 7♥
HUVNHEC3	hand	a1	r0	select K♠
BXEMK4GS	blind	a1	r0	play this blind
LGXKZI99	hand	a1	r0	select Q♣
MAFHXGLV	hand	a1	r0	play selected
WFA0ZXTQ	pack	a1	r0	take tarot The Emperor
QKGFUYVS	hand	a1	r0	play selected
S5YB6S88	hand	a1	r0	discard selected
NA5RB3D9	hand	a1	r0	select 5♣
NA8N1DLS	hand	a1	r0	play selected
HUVNHEC3	hand	a1	r0	play selected
1MBBBK2D	hand	a1	r0	discard selected
BXEMK4GS	hand	a1	r0	select Q♠
WFA0ZXTQ	blind	a1	r0	play this blind
HUVNHEC3	hand	a1	r0	select K♥
QKGFUYVS	hand	a1	r0	select K♣
63E85TO5	hand	a1	r0	select K♣
NA5RB3D9	hand	a1	r0	play selected
1MBBBK2D	hand	a1	r0	select 3♥
S5YB6S88	hand	a1	r0	select 8♥
MAFHXGLV	hand	a1	r0	select 10♥
WFA0ZXTQ	hand	a1	r0	select 10♦
BXEMK4GS	hand	a1	r0	play selected
RDTCLXYK	hand	a1	r0	discard selected
LGXKZI99	hand	a1	r0	play selected
JWXKA3G6	hand	a1	r0	select 6♠
HUVNHEC3	hand	a1	r0	play selected
NA5RB3D9	hand	a1	r0	select A♥
QKGFUYVS	hand	a1	r0	play selected
FFJRKUPV	hand	a1	r0	select Q♣
63E85TO5	hand	a1	r0	play selected
AV8TQA3C	hand	a1	r0	select 10♠
S5YB6S88	hand	a1	r0	play selected
MAFHXGLV	hand	a1	r0	discard selected
BXEMK4GS	hand	a1	r0	select 9♥(steel)
SEH225X2	hand	a1	r0	select Q♠
HUVNHEC3	hand	a1	r0	select Q♦
LGXKZI99	hand	a1	r0	select K♥
JWXKA3G6	hand	a1	r0	play selected
WFA0ZXTQ	hand	a1	r0	discard selected
NA8N1DLS	hand	a1	r0	select J♥
RDTCLXYK	hand	a1	r0	select J♠
NA5RB3D9	hand	a1	r0	play selected
QKGFUYVS	hand	a1	r0	select 10♦
1MBBBK2D	hand	a1	r0	play selected
FFJRKUPV	hand	a1	r0	play selected
63E85TO5	hand	a1	r0	select Q♥
S5YB6S88	hand	a1	r0	select A♥
AV8TQA3C	hand	a1	r0	discard selected
LGXKZI99	hand	a1	r0	select J♠
HUVNHEC3	hand	a1	r0	select J♠
MAFHXGLV	hand	a1	r0	select 9♠
BXEMK4GS	hand	a1	r0	play selected
SEH225X2	hand	a1	r0	deselect Q♠
RDTCLXYK	hand	a1	r0	play selected
JWXKA3G6	hand	a1	r0	select Q♦
WFA0ZXTQ	hand	a1	r0	select 7♠
NA5RB3D9	hand	a1	r0	select 5♠
NA8N1DLS	hand	a1	r0	play selected
1MBBBK2D	hand	a1	r0	select Q♥
63E85TO5	hand	a1	r0	discard selected
FFJRKUPV	hand	a1	r0	select J♥
HUVNHEC3	hand	a1	r0	play selected
AV8TQA3C	hand	a1	r0	select A♦
MAFHXGLV	hand	a1	r0	select 8♠
QKGFUYVS	hand	a1	r0	discard selected
LGXKZI99	hand	a1	r0	play selected
BXEMK4GS	shop	a1	r1	buy booster Buffoon Pack $4
SEH225X2	hand	a1	r0	select Q♠
NA5RB3D9	hand	a1	r0	play selected
RDTCLXYK	hand	a1	r0	select 4♥
JWXKA3G6	hand	a1	r0	select J♣
S5YB6S88	hand	a1	r0	select 8♠
WFA0ZXTQ	hand	a1	r0	select 7♣
FFJRKUPV	hand	a1	r0	play selected
63E85TO5	hand	a1	r0	select Q♣
MAFHXGLV	hand	a1	r0	play selected
NA8N1DLS	hand	a1	r0	select 7♣
QKGFUYVS	hand	a1	r0	select 3♥
1MBBBK2D	hand	a1	r0	play selected
HUVNHEC3	hand	a1	r0	select 8♥
SEH225X2	hand	a1	r0	deselect Q♠
LGXKZI99	hand	a1	r0	select 10♥
BXEMK4GS	pack	a1	r1	take joker Golden Joker polychrome
AV8TQA3C	hand	a1	r0	select 10♦
S5YB6S88	hand	a1	r0	play selected
WFA0ZXTQ	hand	a1	r0	play selected
NA8N1DLS	hand	a1	r0	play selected
MAFHXGLV	hand	a1	r0	select 6♥
HUVNHEC3	hand	a1	r0	deselect 8♥
FFJRKUPV	hand	a1	r0	select 3♣
63E85TO5	hand	a1	r0	discard selected
NA5RB3D9	hand	a1	r0	select 6♠
LGXKZI99	hand	a1	r0	play selected
RDTCLXYK	hand	a1	r0	play selected
JWXKA3G6	hand	a1	r0	play selected
QOVTIC58	blind	a1	r0	play this blind
1MBBBK2D	hand	a1	r0	select 10♥
SEH225X2	hand	a1	r0	select Q♠
AV8TQA3C	hand	a1	r0	play selected
FFJRKUPV	hand	a1	r0	play selected
63E85TO5	hand	a1	r0	select 9♥
HUVNHEC3	hand	a1	r0	select 8♥
WFA0ZXTQ	hand	a1	r0	select 4♣
XDA86CUA	blind	a1	r0	skip this blind for the tag
BXEMK4GS	shop	a1	r1	buy joker Mail-In Rebate $4
MAFHXGLV	hand	a1	r0	play selected
QKGFUYVS	hand	a1	r0	play selected
JWXKA3G6	hand	a1	r0	select K♠
NA5RB3D9	hand	a1	r0	play selected
QOVTIC58	hand	a1	r0	select 6♣
1MBBBK2D	hand	a1	r0	discard selected
SEH225X2	hand	a1	r0	deselect Q♠
IFJJF3KV	blind	a1	r0	play this blind
LGXKZI99	hand	a1	r0	select 8♥
AV8TQA3C	hand	a1	r0	select 9♠
63E85TO5	hand	a1	r0	discard selected
28TCK541	blind	a1	r0	skip this blind for the tag
MAFHXGLV	hand	a1	r0	select 5♠
HUVNHEC3	hand	a1	r0	deselect 8♥
BXEMK4GS	shop	a1	r1	leave shop
BXEMK4GS	blind	a1	r1	play this blind
XDA86CUA	blind	a1	r0	play this blind
RWDRKD9W	blind	a1	r0	skip this blind for the tag
JWXKA3G6	hand	a1	r0	play selected
QOVTIC58	hand	a1	r0	discard selected
AV8TQA3C	hand	a1	r0	play selected
LGXKZI99	hand	a1	r0	play selected
SEH225X2	hand	a1	r0	select Q♠
63E85TO5	hand	a1	r0	select K♦
MAFHXGLV	hand	a1	r0	play selected
IFJJF3KV	hand	a1	r0	select K♠
28TCK541	blind	a1	r0	play this blind
XDA86CUA	hand	a1	r0	select A♦
HUVNHEC3	hand	a1	r0	select 8♥
1MBBBK2D	hand	a1	r0	select 10♦
QOVTIC58	hand	a1	r0	select 2♣
BXEMK4GS	hand	a1	r1	select A♥
AV8TQA3C	hand	a1	r0	select 9♣
CSCEXAFS	blind	a1	r0	play this blind
63E85TO5	hand	a1	r0	play selected
SEH225X2	hand	a1	r0	deselect Q♠
RWDRKD9W	blind	a1	r0	play this blind
HKOMUNA2	blind	a1	r0	play this blind
IFJJF3KV	hand	a1	r0	select K♥
28TCK541	hand	a1	r0	select 3♥
BXEMK4GS	hand	a1	r1	select A♣
1MBBBK2D	hand	a1	r0	play selected
QOVTIC58	hand	a1	r0	discard selected
SEH225X2	hand	a1	r0	select Q♠
AV8TQA3C	hand	a1	r0	play selected
63E85TO5	hand	a1	r0	select J♦
RDTCLXYK	hand	a1	r0	select Q♥
RWDRKD9W	hand	a1	r0	select Q♠
HUVNHEC3	hand	a1	r0	deselect 8♥
IFJJF3KV	hand	a1	r0	play selected
HKOMUNA2	hand	a1	r0	select A♠
28TCK541	hand	a1	r0	discard selected
WFA0ZXTQ	hand	a1	r0	play selected
E9V7INZO	blind	a1	r0	play this blind
CSCEXAFS	hand	a1	r0	select K♠
QOVTIC58	hand	a1	r0	select K♣
63E85TO5	hand	a1	r0	select 8♥
XOAF5N3W	blind	a1	r0	play this blind
RDTCLXYK	hand	a1	r0	play selected
RWDRKD9W	hand	a1	r0	discard selected
BXEMK4GS	hand	a1	r1	play selected
IFJJF3KV	hand	a1	r0	select J♠
SEH225X2	hand	a1	r0	deselect Q♠
HKOMUNA2	hand	a1	r0	discard selected
WFA0ZXTQ	hand	a1	r0	select 5♣
28TCK541	hand	a1	r0	select 4♣
CSCEXAFS	hand	a1	r0	select K♦
HUVNHEC3	hand	a1	r0	select 8♥
E9V7INZO	hand	a1	r0	select Q♥
63E85TO5	hand	a1	r0	play selected
QOVTIC58	hand	a1	r0	play selected
XOAF5N3W	hand	a1	r0	select A♦
RWDRKD9W	hand	a1	r0	select J♠
WFA0ZXTQ	hand	a1	r0	discard selected
HKOMUNA2	hand	a1	r0	select 10♥
BXEMK4GS	shop	a2	r2	buy booster Arcana Pack $4
SEH225X2	hand	a1	r0	select Q♠
8S3DJBDU	blind	a1	r0	play this blind
HUVNHEC3	hand	a1	r0	deselect 8♥
63E85TO5	hand	a1	r0	select 7♥
IFJJF3KV	hand	a1	r0	select J♥
CSCEXAFS	hand	a1	r0	play selected
28TCK541	hand	a1	r0	discard selected
QOVTIC58	hand	a1	r0	select 8♠
HKOMUNA2	hand	a1	r0	discard selected
WFA0ZXTQ	hand	a1	r0	select 9♦
E9V7INZO	hand	a1	r0	play selected
HUVNHEC3	hand	a1	r0	select 8♥
8S3DJBDU	hand	a1	r0	select A♣
SEH225X2	hand	a1	r0	deselect Q♠
BXEMK4GS	pack	a2	r2	take tarot The High Priestess
IFJJF3KV	hand	a1	r0	play selected
RWDRKD9W	hand	a1	r0	deselect J♠
28TCK541	hand	a1	r0	select Q♥
63E85TO5	hand	a1	r0	discard selected
QOVTIC58	hand	a1	r0	play selected
XOAF5N3W	hand	a1	r0	select Q♦
HKOMUNA2	hand	a1	r0	select Q♥
CSCEXAFS	hand	a1	r0	select Q♠
WFA0ZXTQ	hand	a1	r0	select 6♠
8S3DJBDU	hand	a1	r0	play selected
HUVNHEC3	hand	a1	r0	deselect 8♥
E9V7INZO	hand	a1	r0	select J♣
28TCK541	hand	a1	r0	select Q♦
SEH225X2	hand	a1	r0	select Q♠
RWDRKD9W	hand	a1	r0	select J♠
BXEMK4GS	shop	a2	r2	buy booster Arcana Pack $4
63E85TO5	hand	a1	r0	select 6♣
QOVTIC58	hand	a1	r0	select Q♣
8S3DJBDU	hand	a1	r0	select K♠
XOAF5N3W	hand	a1	r0	discard selected
HUVNHEC3	hand	a1	r0	select 8♥
WFA0ZXTQ	hand	a1	r0	play selected
HKOMUNA2	hand	a1	r0	play selected
CSCEXAFS	hand	a1	r0	play selected
28TCK541	hand	a1	r0	play selected
E9V7INZO	hand	a1	r0	play selected
63E85TO5	hand	a1	r0	play selected
RWDRKD9W	hand	a1	r0	deselect J♠
BXEMK4GS	pack	a2	r2	take tarot The Empress (then choose its target cards)
8S3DJBDU	hand	a1	r0	discard selected
HUVNHEC3	hand	a1	r0	deselect 8♥
XOAF5N3W	hand	a1	r0	select A♥
WFA0ZXTQ	hand	a1	r0	select Q♦
SEH225X2	hand	a1	r0	deselect Q♠
QOVTIC58	hand	a1	r0	select 9♥
CSCEXAFS	hand	a1	r0	select J♣
28TCK541	hand	a1	r0	select K♦
RWDRKD9W	hand	a1	r0	select J♠
8S3DJBDU	hand	a1	r0	select K♦
BXEMK4GS	pack	a2	r2	select A♥
SEH225X2	hand	a1	r0	select Q♠
IUVSM98K	blind	a1	r0	skip this blind for the tag
QOVTIC58	hand	a1	r0	play selected
HUVNHEC3	hand	a1	r0	select 8♥
WFA0ZXTQ	hand	a1	r0	select 8♦
XOAF5N3W	hand	a1	r0	discard selected
E9V7INZO	hand	a1	r0	select 10♣
CSCEXAFS	hand	a1	r0	play selected
RWDRKD9W	hand	a1	r0	deselect J♠
28TCK541	hand	a1	r0	play selected
SEH225X2	hand	a1	r0	deselect Q♠
8S3DJBDU	hand	a1	r0	select J♠
QOVTIC58	hand	a1	r0	select A♥
IUVSM98K	blind	a1	r0	play this blind
4X4V9OMJ	blind	a1	r0	play this blind
HUVNHEC3	hand	a1	r0	deselect 8♥
E9V7INZO	hand	a1	r0	discard selected
CSCEXAFS	hand	a1	r0	select 10♥
XOAF5N3W	hand	a1	r0	select 10♠
28TCK541	hand	a1	r0	select J♠
QOVTIC58	hand	a1	r0	select 8♥
4X4V9OMJ	hand	a1	r0	select 6♠
8S3DJBDU	hand	a1	r0	play selected
SEH225X2	hand	a1	r0	select Q♠
RWDRKD9W	hand	a1	r0	select J♠
IUVSM98K	hand	a1	r0	select 9♠
E9V7INZO	hand	a1	r0	select A♥
HUVNHEC3	hand	a1	r0	select 8♥
CSCEXAFS	hand	a1	r0	play selected
XOAF5N3W	hand	a1	r0	discard selected
4X4V9OMJ	hand	a1	r0	select 6♥
QOVTIC58	hand	a1	r0	play selected
IUVSM98K	hand	a1	r0	discard selected
SEH225X2	hand	a1	r0	deselect Q♠
E9V7INZO	hand	a1	r0	select 9♥
HKOMUNA2	hand	a1	r0	select 8♠
RWDRKD9W	hand	a1	r0	deselect J♠
HUVNHEC3	hand	a1	r0	deselect 8♥
S3AAG5M9	blind	a1	r0	skip this blind for the tag
91M3W5V4	blind	a1	r0	skip this blind for the tag
4X4V9OMJ	hand	a1	r0	play selected
XOAF5N3W	hand	a1	r0	select K♥
IUVSM98K	hand	a1	r0	select Q♠
HUVNHEC3	hand	a1	r0	select 8♥
RWDRKD9W	hand	a1	r0	select J♠
SEH225X2	hand	a1	r0	select Q♠
E9V7INZO	hand	a1	r0	play selected
HKOMUNA2	hand	a1	r0	play selected
S3AAG5M9	blind	a1	r0	play this blind
4X4V9OMJ	hand	a1	r0	select Q♠
IUVSM98K	hand	a1	r0	play selected
91M3W5V4	blind	a1	r0	play this blind
BXEMK4GS	pack	a2	r2	select 6♣
E9V7INZO	hand	a1	r0	select 10♠
HUVNHEC3	hand	a1	r0	deselect 8♥
XOAF5N3W	hand	a1	r0	play selected
SEH225X2	hand	a1	r0	deselect Q♠
S3AAG5M9	hand	a1	r0	select K♥
4X4V9OMJ	hand	a1	r0	select Q♥
HKOMUNA2	hand	a1	r0	select Q♠
BXEMK4GS	pack	a2	r2	apply The Empress to selected
91M3W5V4	hand	a1	r0	select A♠
8S3DJBDU	hand	a1	r0	select 10♣
SEH225X2	hand	a1	r0	select Q♠
IUVSM98K	hand	a1	r0	select A♣
HUVNHEC3	hand	a1	r0	select 8♥
E9V7INZO	hand	a1	r0	select 9♠
HKOMUNA2	hand	a1	r0	select 9♦
91M3W5V4	hand	a1	r0	discard selected
S3AAG5M9	hand	a1	r0	play selected
XOAF5N3W	hand	a1	r0	select J♦
4X4V9OMJ	hand	a1	r0	play selected
BXEMK4GS	shop	a2	r2	buy joker Greedy Joker $5
8S3DJBDU	hand	a1	r0	play selected
E9V7INZO	hand	a1	r0	play selected
HKOMUNA2	hand	a1	r0	play selected
IUVSM98K	hand	a1	r0	select 9♣
HUVNHEC3	hand	a1	r0	deselect 8♥
SEH225X2	hand	a1	r0	play selected
S3AAG5M9	hand	a1	r0	select K♦
91M3W5V4	hand	a1	r0	select K♠
BXEMK4GS	shop	a2	r2	use Mars
ANEFGJAR	blind	a1	r0	play this blind
IUVSM98K	hand	a1	r0	play selected
HUVNHEC3	hand	a1	r0	select 8♥
8S3DJBDU	hand	a1	r0	select 9♥
S3AAG5M9	hand	a1	r0	play selected
4X4V9OMJ	hand	a1	r0	select A♦
91M3W5V4	hand	a1	r0	play selected
IUVSM98K	hand	a1	r0	select 7♠
ANEFGJAR	hand	a1	r0	select Q♥
HUVNHEC3	hand	a1	r0	play selected
WFA0ZXTQ	hand	a1	r0	play selected
8S3DJBDU	hand	a1	r0	play selected
S3AAG5M9	hand	a1	r0	select Q♥
4X4V9OMJ	hand	a1	r0	play selected
ANEFGJAR	hand	a1	r0	discard selected
91M3W5V4	hand	a1	r0	select J♣
YQ0JAI2M	blind	a1	r0	skip this blind for the tag
4X4V9OMJ	hand	a1	r0	select J♥
S3AAG5M9	hand	a1	r0	select 10♥
O375YY1N	blind	a1	r0	skip this blind for the tag
91M3W5V4	hand	a1	r0	select 10♦
ANEFGJAR	hand	a1	r0	select K♥
YQ0JAI2M	blind	a1	r0	play this blind
4X4V9OMJ	hand	a1	r0	play selected
O375YY1N	blind	a1	r0	skip this blind for the tag
O375YY1N	blind	a1	r0	play this blind
S3AAG5M9	hand	a1	r0	play selected
XOAF5N3W	hand	a1	r0	play selected
ANEFGJAR	hand	a1	r0	discard selected
YQ0JAI2M	hand	a1	r0	select A♥
4JXRUAXB	blind	a1	r0	play this blind
S3AAG5M9	hand	a1	r0	select 2♠
XOAF5N3W	hand	a1	r0	select 10♥
O375YY1N	hand	a1	r0	select K♥
YQ0JAI2M	hand	a1	r0	discard selected
RWDRKD9W	hand	a1	r0	deselect J♠
4JXRUAXB	hand	a1	r0	select Q♠
ANEFGJAR	hand	a1	r0	select 9♥
S3AAG5M9	hand	a1	r0	play selected
XOAF5N3W	hand	a1	r0	play selected
O375YY1N	hand	a1	r0	select 5♦
YQT510RW	blind	a1	r0	skip this blind for the tag
YQ0JAI2M	hand	a1	r0	select J♠
H8H6E5UG	blind	a1	r0	play this blind
4JXRUAXB	hand	a1	r0	select Q♦
ANEFGJAR	hand	a1	r0	deselect 9♥
XOAF5N3W	hand	a1	r0	select 7♠
O375YY1N	hand	a1	r0	discard selected
RWDRKD9W	hand	a1	r0	select J♠
YQT510RW	blind	a1	r0	play this blind
H8H6E5UG	hand	a1	r0	select K♣
ANEFGJAR	hand	a1	r0	select 9♥
XOAF5N3W	hand	a1	r0	play selected
YQT510RW	hand	a1	r0	select A♥
RWDRKD9W	hand	a1	r0	deselect J♠
O375YY1N	hand	a1	r0	select Q♦
91M3W5V4	hand	a1	r0	play selected
H8H6E5UG	hand	a1	r0	discard selected
ANEFGJAR	hand	a1	r0	deselect 9♥
6S93T7GA	blind	a1	r0	skip this blind for the tag
RWDRKD9W	hand	a1	r0	select J♠
YQ0JAI2M	hand	a1	r0	play selected
91M3W5V4	hand	a1	r0	select 9♠
H8H6E5UG	hand	a1	r0	select Q♠
O375YY1N	hand	a1	r0	play selected
ANEFGJAR	hand	a1	r0	select 9♥
SEH225X2	hand	a1	r0	select A♣
YQ0JAI2M	hand	a1	r0	select K♠
O375YY1N	hand	a1	r0	select J♦
H8H6E5UG	hand	a1	r0	play selected
91M3W5V4	hand	a1	r0	discard selected
RWDRKD9W	hand	a1	r0	deselect J♠
ANEFGJAR	hand	a1	r0	deselect 9♥
SEH225X2	hand	a1	r0	play selected
IUVSM98K	hand	a1	r0	play selected
BXEMK4GS	shop	a2	r2	use Jupiter
YQ0JAI2M	hand	a1	r0	play selected
H8H6E5UG	hand	a1	r0	select J♠
O375YY1N	hand	a1	r0	play selected
SEH225X2	hand	a1	r0	select Q♣
RWDRKD9W	hand	a1	r0	select J♠
ANEFGJAR	hand	a1	r0	select 9♥
BXEMK4GS	shop	a2	r2	leave shop
IUVSM98K	hand	a1	r0	select Q♣
H8H6E5UG	hand	a1	r0	play selected
O375YY1N	hand	a1	r0	select 4♥
YQ0JAI2M	hand	a1	r0	select 10♥
RWDRKD9W	hand	a1	r0	deselect J♠
SEH225X2	hand	a1	r0	discard selected
ANEFGJAR	hand	a1	r0	deselect 9♥
O375YY1N	hand	a1	r0	discard selected
H8H6E5UG	hand	a1	r0	select 3♠
BXEMK4GS	blind	a2	r2	play this blind
YQ0JAI2M	hand	a1	r0	play selected
RWDRKD9W	hand	a1	r0	select J♠
SEH225X2	hand	a1	r0	select A♠
O375YY1N	hand	a1	r0	select 10♣
H8H6E5UG	hand	a1	r0	play selected
ANEFGJAR	hand	a1	r0	select 9♥
BXEMK4GS	hand	a2	r2	select A♠
RWDRKD9W	hand	a1	r0	deselect J♠
YQ0JAI2M	hand	a1	r0	select 9♠
O375YY1N	hand	a1	r0	discard selected
ANEFGJAR	hand	a1	r0	deselect 9♥
XDA86CUA	hand	a1	r0	discard selected
BXEMK4GS	hand	a2	r2	play selected
91M3W5V4	hand	a1	r0	select 8♦
RWDRKD9W	hand	a1	r0	select J♠
YQ0JAI2M	hand	a1	r0	play selected
6S93T7GA	blind	a1	r0	play this blind
BXEMK4GS	hand	a2	r2	select A♥(mult)
O375YY1N	hand	a1	r0	select 6♦
XDA86CUA	hand	a1	r0	select K♥
RWDRKD9W	hand	a1	r0	deselect J♠
1OY961V9	blind	a1	r0	skip this blind for the tag
SEH225X2	hand	a1	r0	play selected
91M3W5V4	hand	a1	r0	select 7♠
6S93T7GA	hand	a1	r0	select A♦
BXEMK4GS	hand	a2	r2	play selected
RWDRKD9W	hand	a1	r0	select J♠
XDA86CUA	hand	a1	r0	play selected
O375YY1N	hand	a1	r0	discard selected
1OY961V9	blind	a1	r0	play this blind
91M3W5V4	hand	a1	r0	select 5♠
ELR42S49	blind	a1	r0	play this blind
6S93T7GA	hand	a1	r0	play selected
XDA86CUA	hand	a1	r0	select J♥
BXEMK4GS	shop	a2	r3	buy booster Celestial Pack $4
1OY961V9	hand	a1	r0	select A♥
ELR42S49	hand	a1	r0	select 4♠
H8H6E5UG	hand	a1	r0	select 7♣
O375YY1N	hand	a1	r0	select 4♣
91M3W5V4	hand	a1	r0	play selected
BXEMK4GS	pack	a2	r3	take planet Jupiter (+Flush)
6S93T7GA	hand	a1	r0	select 10♦
ELR42S49	hand	a1	r0	discard selected
XDA86CUA	hand	a1	r0	select J♦
O375YY1N	hand	a1	r0	select 3♥
1OY961V9	hand	a1	r0	play selected
IFJJF3KV	hand	a1	r0	select 7♥
91M3W5V4	hand	a1	r0	select Q♠
H8H6E5UG	hand	a1	r0	play selected
ANEFGJAR	hand	a1	r0	select 9♥
6S93T7GA	hand	a1	r0	discard selected
ELR42S49	hand	a1	r0	select A♣
BXEMK4GS	shop	a2	r3	leave shop
1OY961V9	hand	a1	r0	select Q♦
XDA86CUA	hand	a1	r0	play selected
IFJJF3KV	hand	a1	r0	select 7♦
IUVSM98K	hand	a1	r0	play selected
XA8C05P3	blind	a1	r0	skip this blind for the tag
91M3W5V4	hand	a1	r0	discard selected
ANEFGJAR	hand	a1	r0	deselect 9♥
O375YY1N	hand	a1	r0	play selected
6S93T7GA	hand	a1	r0	select 9♠
ELR42S49	hand	a1	r0	play selected
BXEMK4GS	blind	a2	r3	play this blind
1OY961V9	hand	a1	r0	select J♥
XDA86CUA	hand	a1	r0	select 9♠
IFJJF3KV	hand	a1	r0	play selected
O375YY1N	hand	a1	r0	select K♣
7OCJYAIA	blind	a1	r0	skip this blind for the tag
RWDRKD9W	hand	a1	r0	play selected
91M3W5V4	hand	a1	r0	select 10♣
ELR42S49	hand	a1	r0	select K♠
1OY961V9	hand	a1	r0	play selected
6S93T7GA	hand	a1	r0	play selected
ANEFGJAR	hand	a1	r0	select 9♥
XA8C05P3	blind	a1	r0	play this blind
XDA86CUA	hand	a1	r0	play selected
BXEMK4GS	hand	a2	r3	select 10♦
O375YY1N	hand	a1	r0	play selected
7OCJYAIA	blind	a1	r0	play this blind
91M3W5V4	hand	a1	r0	play selected
RWDRKD9W	hand	a1	r0	select A♥
IFJJF3KV	hand	a1	r0	select J♦
ELR42S49	hand	a1	r0	select K♦
1OY961V9	hand	a1	r0	select Q♥
XA8C05P3	hand	a1	r0	select A♦
6S93T7GA	hand	a1	r0	select Q♥
ANEFGJAR	hand	a1	r0	deselect 9♥
JQT2VBDJ	blind	a1	r0	skip this blind for the tag
0UV43IQ1	blind	a1	r0	skip this blind for the tag
BXEMK4GS	hand	a2	r3	discard selected
ELR42S49	hand	a1	r0	play selected
IFJJF3KV	hand	a1	r0	discard selected
RWDRKD9W	hand	a1	r0	select A♦
7OCJYAIA	hand	a1	r0	select A♠
6S93T7GA	hand	a1	r0	play selected
1OY961V9	hand	a1	r0	play selected
XA8C05P3	hand	a1	r0	discard selected
ANEFGJAR	hand	a1	r0	select 9♥
BXEMK4GS	hand	a2	r3	select Q♠
0UV43IQ1	blind	a1	r0	play this blind
ELR42S49	hand	a1	r0	select J♦
28TCK541	hand	a1	r0	select 10♣
RWDRKD9W	hand	a1	r0	play selected
IFJJF3KV	hand	a1	r0	select 7♣
1OY961V9	hand	a1	r0	select J♠
XA8C05P3	hand	a1	r0	select K♣
6S93T7GA	hand	a1	r0	select 7♣
JQT2VBDJ	blind	a1	r0	play this blind
7OCJYAIA	hand	a1	r0	select A♥
ANEFGJAR	hand	a1	r0	deselect 9♥
RWDRKD9W	hand	a1	r0	select J♥
BXEMK4GS	hand	a2	r3	discard selected
28TCK541	hand	a1	r0	play selected
XA8C05P3	hand	a1	r0	play selected
ELR42S49	hand	a1	r0	discard selected
1OY961V9	hand	a1	r0	play selected
0UV43IQ1	hand	a1	r0	select K♥
6S93T7GA	hand	a1	r0	play selected
IFJJF3KV	hand	a1	r0	deselect 7♣
7OCJYAIA	hand	a1	r0	play selected
BXEMK4GS	hand	a2	r3	select J♥
ANEFGJAR	hand	a1	r0	select 9♥
28TCK541	hand	a1	r0	select 8♣
RWDRKD9W	hand	a1	r0	play selected
XA8C05P3	hand	a1	r0	select Q♦
DBRX0EDI	blind	a1	r0	skip this blind for the tag
F68UZ4Y6	blind	a1	r0	play this blind
0UV43IQ1	hand	a1	r0	discard selected
IFJJF3KV	hand	a1	r0	select 7♣
ELR42S49	hand	a1	r0	select 10♥
7OCJYAIA	hand	a1	r0	select K♥
BXEMK4GS	hand	a2	r3	select 8♥
ANEFGJAR	hand	a1	r0	deselect 9♥
RWDRKD9W	hand	a1	r0	select J♦
F68UZ4Y6	hand	a1	r0	select Q♠
XDA86CUA	hand	a1	r0	select Q♠
XA8C05P3	hand	a1	r0	discard selected
ELR42S49	hand	a1	r0	select 9♥
IFJJF3KV	hand	a1	r0	deselect 7♣
DBRX0EDI	blind	a1	r0	play this blind
0UV43IQ1	hand	a1	r0	select 10♠
7OCJYAIA	hand	a1	r0	play selected
RWDRKD9W	hand	a1	r0	play selected
28TCK541	hand	a1	r0	play selected
BXEMK4GS	hand	a2	r3	play selected
F68UZ4Y6	hand	a1	r0	play selected
ANEFGJAR	hand	a1	r0	select 9♥
XDA86CUA	hand	a1	r0	discard selected
DBRX0EDI	hand	a1	r0	select K♠
7OCJYAIA	hand	a1	r0	select Q♥
ELR42S49	hand	a1	r0	play selected
XA8C05P3	hand	a1	r0	select J♥
0UV43IQ1	hand	a1	r0	discard selected
UNMXE0N5	blind	a1	r0	play this blind
IFJJF3KV	hand	a1	r0	select 7♣
F68UZ4Y6	hand	a1	r0	select A♦
DBRX0EDI	hand	a1	r0	play selected
ANEFGJAR	hand	a1	r0	deselect 9♥
GF6EISIC	blind	a1	r0	play this blind
ELR42S49	hand	a1	r0	select 7♠
BXEMK4GS	hand	a2	r3	select A♠
IFJJF3KV	hand	a1	r0	deselect 7♣
0UV43IQ1	hand	a1	r0	select 10♦
XDA86CUA	hand	a1	r0	select 2♠
JQT2VBDJ	hand	a1	r0	select 6♥
HKOMUNA2	hand	a1	r0	select 8♥
UNMXE0N5	hand	a1	r0	select 8♥
F68UZ4Y6	hand	a1	r0	select Q♦
7OCJYAIA	hand	a1	r0	deselect Q♥
DBRX0EDI	hand	a1	r0	select 9♣
IFJJF3KV	hand	a1	r0	select 7♣
XDA86CUA	hand	a1	r0	play selected
BXEMK4GS	hand	a2	r3	play selected
GF6EISIC	hand	a1	r0	select 4♦
0UV43IQ1	hand	a1	r0	discard selected
XA8C05P3	hand	a1	r0	play selected
HKOMUNA2	hand	a1	r0	play selected
UNMXE0N5	hand	a1	r0	play selected
JQT2VBDJ	hand	a1	r0	discard selected
ELR42S49	hand	a1	r0	discard selected
7OCJYAIA	hand	a1	r0	select Q♥
F68UZ4Y6	hand	a1	r0	play selected
IFJJF3KV	hand	a1	r0	deselect 7♣
0UV43IQ1	hand	a1	r0	select 9♠
BXEMK4GS	hand	a2	r3	select 3♦
DBRX0EDI	hand	a1	r0	play selected
IAYWIB88	blind	a1	r0	skip this blind for the tag
ANEFGJAR	hand	a1	r0	select 9♥
RMBGM9ZM	blind	a1	r0	skip this blind for the tag
JQT2VBDJ	hand	a1	r0	select 10♥
UNMXE0N5	hand	a1	r0	select A♠
ELR42S49	hand	a1	r0	select 5♠
XA8C05P3	hand	a1	r0	select 10♣
0UV43IQ1	hand	a1	r0	discard selected
7OCJYAIA	hand	a1	r0	deselect Q♥
BXEMK4GS	hand	a2	r3	play selected
IFJJF3KV	hand	a1	r0	select 7♣
F68UZ4Y6	hand	a1	r0	select J♣
DBRX0EDI	hand	a1	r0	select A♦
RMBGM9ZM	blind	a1	r0	play this blind
JQT2VBDJ	hand	a1	r0	discard selected
ANEFGJAR	hand	a1	r0	play selected
UNMXE0N5	hand	a1	r0	discard selected
XA8C05P3	hand	a1	r0	select 8♥
7OCJYAIA	hand	a1	r0	select Q♥
ELR42S49	hand	a1	r0	play selected
GF6EISIC	hand	a1	r0	play selected
IFJJF3KV	hand	a1	r0	deselect 7♣
BXEMK4GS	shop	a2	r4	buy booster Arcana Pack $4
JQT2VBDJ	hand	a1	r0	select A♥
0UV43IQ1	hand	a1	r0	select 9♣
DBRX0EDI	hand	a1	r0	play selected
RMBGM9ZM	hand	a1	r0	select K♥
ANEFGJAR	hand	a1	r0	select 10♠
F68UZ4Y6	hand	a1	r0	discard selected
VG0JYE4M	blind	a1	r0	play this blind
IFJJF3KV	hand	a1	r0	select 7♣
7OCJYAIA	hand	a1	r0	deselect Q♥
UNMXE0N5	hand	a1	r0	select Q♣
GF6EISIC	hand	a1	r0	select A♦
XA8C05P3	hand	a1	r0	play selected
0UV43IQ1	hand	a1	r0	play selected
RMBGM9ZM	hand	a1	r0	discard selected
BXEMK4GS	pack	a2	r4	take tarot The Moon (then choose its target cards)
DBRX0EDI	hand	a1	r0	select 9♥
IFJJF3KV	hand	a1	r0	deselect 7♣
JQT2VBDJ	hand	a1	r0	play selected
ANEFGJAR	hand	a1	r0	discard selected
F68UZ4Y6	hand	a1	r0	select J♠
7OCJYAIA	hand	a1	r0	select Q♥
UNMXE0N5	hand	a1	r0	play selected
XA8C05P3	hand	a1	r0	select 10♥
VG0JYE4M	hand	a1	r0	select 10♠
DBRX0EDI	hand	a1	r0	play selected
RMBGM9ZM	hand	a1	r0	select K♣
GF6EISIC	hand	a1	r0	play selected
0UV43IQ1	hand	a1	r0	select 8♠
IFJJF3KV	hand	a1	r0	select 7♣
7OCJYAIA	hand	a1	r0	deselect Q♥
JQT2VBDJ	hand	a1	r0	select K♠
F68UZ4Y6	hand	a1	r0	discard selected
BXEMK4GS	pack	a2	r4	select A♣
UNMXE0N5	hand	a1	r0	select 5♣
XA8C05P3	hand	a1	r0	play selected
PHRQCKH4	blind	a1	r0	play this blind
RMBGM9ZM	hand	a1	r0	discard selected
0UV43IQ1	hand	a1	r0	play selected
VG0JYE4M	hand	a1	r0	select 10♦
JQT2VBDJ	hand	a1	r0	play selected
F68UZ4Y6	hand	a1	r0	select J♥
GF6EISIC	hand	a1	r0	select Q♥
UNMXE0N5	hand	a1	r0	play selected
BXEMK4GS	pack	a2	r4	select J♣
4JXRUAXB	hand	a1	r0	play selected
VG0JYE4M	hand	a1	r0	play selected
9Z6J5FDS	blind	a1	r0	skip this blind for the tag
0UV43IQ1	hand	a1	r0	select 4♦
PHRQCKH4	hand	a1	r0	select A♥
7OCJYAIA	hand	a1	r0	select Q♥
RMBGM9ZM	hand	a1	r0	select 5♥
F68UZ4Y6	hand	a1	r0	play selected
JQT2VBDJ	hand	a1	r0	select Q♠
PHRQCKH4	hand	a1	r0	select A♣
UNMXE0N5	hand	a1	r0	select J♥
7OCJYAIA	hand	a1	r0	deselect Q♥
VG0JYE4M	hand	a1	r0	select Q♥
BXEMK4GS	pack	a2	r4	select Q♦
GF6EISIC	hand	a1	r0	play selected
4JXRUAXB	hand	a1	r0	select 8♠
RMBGM9ZM	hand	a1	r0	play selected
9Z6J5FDS	blind	a1	r0	play this blind
YQT510RW	hand	a1	r0	discard selected
JQT2VBDJ	hand	a1	r0	play selected
F68UZ4Y6	hand	a1	r0	select A♥
UNMXE0N5	hand	a1	r0	play selected
GF6EISIC	hand	a1	r0	select 10♦
PHRQCKH4	hand	a1	r0	play selected
BXEMK4GS	pack	a2	r4	apply The Moon to selected
7OCJYAIA	hand	a1	r0	select Q♥
9Z6J5FDS	hand	a1	r0	select A♠
RMBGM9ZM	hand	a1	r0	select Q♥
4JXRUAXB	hand	a1	r0	select 8♦
YQT510RW	hand	a1	r0	select K♣
F68UZ4Y6	hand	a1	r0	play selected
ANEFGJAR	hand	a1	r0	select A♥
ZEJSYC4S	blind	a1	r0	play this blind
7OCJYAIA	hand	a1	r0	deselect Q♥
BXEMK4GS	shop	a2	r4	buy joker Blue Joker foil $7
GF6EISIC	hand	a1	r0	play selected
PHRQCKH4	hand	a1	r0	select K♠
4JXRUAXB	hand	a1	r0	play selected
9Z6J5FDS	hand	a1	r0	select A♥
YQT510RW	hand	a1	r0	play selected
RMBGM9ZM	hand	a1	r0	play selected
ZOV75867	blind	a1	r0	skip this blind for the tag
ANEFGJAR	hand	a1	r0	play selected
BXEMK4GS	shop	a2	r4	leave shop
BXEMK4GS	blind	a2	r4	play this blind
7OCJYAIA	hand	a1	r0	select Q♥
PHRQCKH4	hand	a1	r0	select K♦
9Z6J5FDS	hand	a1	r0	play selected
ZEJSYC4S	hand	a1	r0	select 10♠
4JXRUAXB	hand	a1	r0	select K♥
ZOV75867	blind	a1	r0	play this blind
YQT510RW	hand	a1	r0	select Q♣
PHRQCKH4	hand	a1	r0	play selected
RMBGM9ZM	hand	a1	r0	select J♠
BXEMK4GS	hand	a2	r4	select K♠
ANEFGJAR	hand	a1	r0	select 9♣
7OCJYAIA	hand	a1	r0	deselect Q♥
ZEJSYC4S	hand	a1	r0	select 10♦
4JXRUAXB	hand	a1	r0	select J♠
PHRQCKH4	hand	a1	r0	select Q♥
RMBGM9ZM	hand	a1	r0	play selected
0UV43IQ1	hand	a1	r0	play selected
YQT510RW	hand	a1	r0	play selected
BXEMK4GS	hand	a2	r4	play selected
ZOV75867	hand	a1	r0	select A♣
ANEFGJAR	hand	a1	r0	discard selected
ZEJSYC4S	hand	a1	r0	play selected
7OCJYAIA	hand	a1	r0	select Q♥
9Z6J5FDS	hand	a1	r0	select J♠
QE7D2NYN	blind	a1	r0	play this blind
0UV43IQ1	hand	a1	r0	select Q♠
RMBGM9ZM	hand	a1	r0	select 10♠
PHRQCKH4	hand	a1	r0	play selected
ANEFGJAR	hand	a1	r0	select 4♠
4JXRUAXB	hand	a1	r0	play selected
YQT510RW	hand	a1	r0	select J♣
BXEMK4GS	shop	a3	r5	buy voucher Grabber $10
ZEJSYC4S	hand	a1	r0	select A♣
9Z6J5FDS	hand	a1	r0	discard selected
QE7D2NYN	hand	a1	r0	select K♥
7OCJYAIA	hand	a1	r0	deselect Q♥
ZOV75867	hand	a1	r0	select J♥
RMBGM9ZM	hand	a1	r0	play selected
ANEFGJAR	hand	a1	r0	play selected
4JXRUAXB	hand	a1	r0	select 5♥
0UV43IQ1	hand	a1	r0	play selected
YQT510RW	hand	a1	r0	select 10♣
PHRQCKH4	hand	a1	r0	select Q♣
BXEMK4GS	shop	a3	r5	buy booster Celestial Pack $4
7OCJYAIA	hand	a1	r0	select Q♥
ZEJSYC4S	hand	a1	r0	play selected
TXH69820	blind	a1	r0	play this blind
QE7D2NYN	hand	a1	r0	play selected
4JXRUAXB	hand	a1	r0	play selected
ZOV75867	hand	a1	r0	play selected
ANEFGJAR	hand	a1	r0	select A♣
OCBZOQPF	blind	a1	r0	play this blind
ZEJSYC4S	hand	a1	r0	select Q♣
9Z6J5FDS	hand	a1	r0	select J♣
BXEMK4GS	pack	a3	r5	take planet Mars (+Four of a Kind)
TXH69820	hand	a1	r0	select K♠
ZOV75867	hand	a1	r0	select 6♥
7OCJYAIA	hand	a1	r0	deselect Q♥
ANEFGJAR	hand	a1	r0	play selected
QE7D2NYN	hand	a1	r0	select Q♣
IFJJF3KV	hand	a1	r0	deselect 7♣
YQT510RW	hand	a1	r0	play selected
OCBZOQPF	hand	a1	r0	select 9♣
ZOV75867	hand	a1	r0	play selected
O9RZPIMB	blind	a1	r0	play this blind
BXEMK4GS	shop	a3	r5	buy booster Arcana Pack $4
QE7D2NYN	hand	a1	r0	deselect Q♣
ZEJSYC4S	hand	a1	r0	play selected
TXH69820	hand	a1	r0	discard selected
9Z6J5FDS	hand	a1	r0	play selected
7OCJYAIA	hand	a1	r0	select Q♥
0TT6TGK4	blind	a1	r0	play this blind
PHRQCKH4	hand	a1	r0	play selected
OCBZOQPF	hand	a1	r0	play selected
IFJJF3KV	hand	a1	r0	select 7♣
ZOV75867	hand	a1	r0	select A♦
O9RZPIMB	hand	a1	r0	select Q♣
TXH69820	hand	a1	r0	select J♣
BXEMK4GS	pack	a3	r5	take tarot Death (then choose its target cards)
ZEJSYC4S	hand	a1	r0	select J♣
VEEZIP9L	blind	a1	r0	play this blind
0TT6TGK4	hand	a1	r0	select A♠
9Z6J5FDS	hand	a1	r0	select J♦
QE7D2NYN	hand	a1	r0	select Q♣
OCBZOQPF	hand	a1	r0	select A♣
IFJJF3KV	hand	a1	r0	deselect 7♣
7OCJYAIA	hand	a1	r0	deselect Q♥
O9RZPIMB	hand	a1	r0	deselect Q♣
ZOV75867	hand	a1	r0	play selected
VEEZIP9L	hand	a1	r0	select A♦
ZEJSYC4S	hand	a1	r0	play selected
BXEMK4GS	pack	a3	r5	select 5♦
9Z6J5FDS	hand	a1	r0	play selected
0TT6TGK4	hand	a1	r0	play selected
7OCJYAIA	hand	a1	r0	select Q♥
QE7D2NYN	hand	a1	r0	deselect Q♣
O9RZPIMB	hand	a1	r0	select Q♣
OCBZOQPF	hand	a1	r0	play selected
ZOV75867	hand	a1	r0	select J♠
VEEZIP9L	hand	a1	r0	select K♣
IFJJF3KV	hand	a1	r0	select 7♣
0TT6TGK4	hand	a1	r0	select A♥
O9RZPIMB	hand	a1	r0	deselect Q♣
BXEMK4GS	pack	a3	r5	select 5♠
QE7D2NYN	hand	a1	r0	select Q♣
ZOV75867	hand	a1	r0	play selected
7OCJYAIA	hand	a1	r0	play selected
IFJJF3KV	hand	a1	r0	deselect 7♣
OCBZOQPF	hand	a1	r0	select K♠
TXH69820	hand	a1	r0	discard selected
0TT6TGK4	hand	a1	r0	play selected
9Z6J5FDS	hand	a1	r0	select 10♦
BXEMK4GS	pack	a3	r5	apply Death to selected
O9RZPIMB	hand	a1	r0	select Q♣
48L2H2ZS	blind	a1	r0	skip this blind for the tag
7OCJYAIA	hand	a1	r0	select K♦
OCBZOQPF	hand	a1	r0	play selected
IFJJF3KV	hand	a1	r0	select 7♣
9Z6J5FDS	hand	a1	r0	discard selected
0TT6TGK4	hand	a1	r0	select 8♣
7OCJYAIA	hand	a1	r0	deselect K♦
O9RZPIMB	hand	a1	r0	deselect Q♣
BXEMK4GS	shop	a3	r5	leave shop
48L2H2ZS	blind	a1	r0	play this blind
IFJJF3KV	hand	a1	r0	deselect 7♣
OCBZOQPF	hand	a1	r0	select J♣
9Z6J5FDS	hand	a1	r0	select 9♥
0TT6TGK4	hand	a1	r0	play selected
O9RZPIMB	hand	a1	r0	select Q♣
48L2H2ZS	hand	a1	r0	select A♣
7OCJYAIA	hand	a1	r0	select K♦
BXEMK4GS	blind	a3	r5	play this blind
9Z6J5FDS	hand	a1	r0	discard selected
OCBZOQPF	hand	a1	r0	play selected
7OCJYAIA	hand	a1	r0	deselect K♦
48L2H2ZS	hand	a1	r0	play selected
Q7MYN97Y	blind	a1	r0	skip this blind for the tag
O9RZPIMB	hand	a1	r0	deselect Q♣
0TT6TGK4	hand	a1	r0	select Q♠
BXEMK4GS	hand	a3	r5	select K♠
IFJJF3KV	hand	a1	r0	select 7♣
9Z6J5FDS	hand	a1	r0	select 4♠
7OCJYAIA	hand	a1	r0	select K♦
48L2H2ZS	hand	a1	r0	select Q♣
0TT6TGK4	hand	a1	r0	play selected
O9RZPIMB	hand	a1	r0	select Q♣
BXEMK4GS	hand	a3	r5	play selected
7OCJYAIA	hand	a1	r0	deselect K♦
IFJJF3KV	hand	a1	r0	play selected
9Z6J5FDS	hand	a1	r0	play selected
Q7MYN97Y	blind	a1	r0	play this blind
48L2H2ZS	hand	a1	r0	play selected
VEEZIP9L	hand	a1	r0	select Q♥
BXEMK4GS	shop	a3	r6	leave shop
Q7MYN97Y	hand	a1	r0	select 8♣
7OCJYAIA	hand	a1	r0	select K♦
O9RZPIMB	hand	a1	r0	deselect Q♣
48L2H2ZS	hand	a1	r0	select Q♦
BXEMK4GS	blind	a3	r6	play this blind
7OCJYAIA	hand	a1	r0	deselect K♦
VEEZIP9L	hand	a1	r0	play selected
Q7MYN97Y	hand	a1	r0	discard selected
O9RZPIMB	hand	a1	r0	select Q♣
48L2H2ZS	hand	a1	r0	select J♥
BXEMK4GS	hand	a3	r6	select A♥(mult)
Q7MYN97Y	hand	a1	r0	select 3♠
7OCJYAIA	hand	a1	r0	select K♦
VEEZIP9L	hand	a1	r0	select K♦
48L2H2ZS	hand	a1	r0	play selected
O9RZPIMB	hand	a1	r0	deselect Q♣
7OCJYAIA	hand	a1	r0	deselect K♦
VEEZIP9L	hand	a1	r0	play selected
BXEMK4GS	hand	a3	r6	play selected
48L2H2ZS	hand	a1	r0	select 10♠
O9RZPIMB	hand	a1	r0	select Q♣
7OCJYAIA	hand	a1	r0	select K♦
BXEMK4GS	shop	a3	r7	buy booster Mega Celestial Pack $8
48L2H2ZS	hand	a1	r0	discard selected
7OCJYAIA	hand	a1	r0	deselect K♦
O9RZPIMB	hand	a1	r0	deselect Q♣
BXEMK4GS	pack	a3	r7	take planet Mars (+Four of a Kind)
48L2H2ZS	hand	a1	r0	select 10♣
IAYWIB88	blind	a1	r0	play this blind
O9RZPIMB	hand	a1	r0	select Q♣
7OCJYAIA	hand	a1	r0	select K♦
BXEMK4GS	pack	a3	r7	take planet Jupiter (+Flush)
48L2H2ZS	hand	a1	r0	select 8♣
O9RZPIMB	hand	a1	r0	deselect Q♣
IAYWIB88	hand	a1	r0	select A♥
BXEMK4GS	shop	a3	r7	leave shop
BXEMK4GS	blind	a3	r7	play this blind
O9RZPIMB	hand	a1	r0	select Q♣
7OCJYAIA	hand	a1	r0	deselect K♦
48L2H2ZS	hand	a1	r0	select 10♦
Q7MYN97Y	hand	a1	r0	discard selected
IAYWIB88	hand	a1	r0	select Q♠
BXEMK4GS	hand	a3	r7	select A♥(mult)
VEEZIP9L	hand	a1	r0	select J♦
7OCJYAIA	hand	a1	r0	select K♦
O9RZPIMB	hand	a1	r0	deselect Q♣
IAYWIB88	hand	a1	r0	play selected
48L2H2ZS	hand	a1	r0	play selected
Q7MYN97Y	hand	a1	r0	select 10♠
VEEZIP9L	hand	a1	r0	play selected
7OCJYAIA	hand	a1	r0	deselect K♦
BXEMK4GS	hand	a3	r7	select A♦
O9RZPIMB	hand	a1	r0	select Q♣
Q7MYN97Y	hand	a1	r0	discard selected
IAYWIB88	hand	a1	r0	select 3♣
VEEZIP9L	hand	a1	r0	select Q♦
7OCJYAIA	hand	a1	r0	select K♦
BXEMK4GS	hand	a3	r7	play selected
O9RZPIMB	hand	a1	r0	deselect Q♣
Q7MYN97Y	hand	a1	r0	select 4♥
VEEZIP9L	hand	a1	r0	play selected
IAYWIB88	hand	a1	r0	play selected
BXEMK4GS	shop	a4	r8	buy booster Arcana Pack $4
Q7MYN97Y	hand	a1	r0	play selected
7OCJYAIA	hand	a1	r0	deselect K♦
IAYWIB88	hand	a1	r0	select Q♥
BXEMK4GS	pack	a4	r8	take tarot The Fool
VG0JYE4M	hand	a1	r0	select 9♥
JQT2VBDJ	hand	a1	r0	select 10♣
Q7MYN97Y	hand	a1	r0	select K♣
7OCJYAIA	hand	a1	r0	select K♦
IAYWIB88	hand	a1	r0	play selected
BXEMK4GS	shop	a4	r8	use Jupiter
Q7MYN97Y	hand	a1	r0	play selected
VG0JYE4M	hand	a1	r0	play selected
7OCJYAIA	hand	a1	r0	deselect K♦
JQT2VBDJ	hand	a1	r0	play selected
BXEMK4GS	shop	a4	r8	leave shop
Q7MYN97Y	hand	a1	r0	select J♥
IAYWIB88	hand	a1	r0	select K♣
7OCJYAIA	hand	a1	r0	select K♦
VG0JYE4M	hand	a1	r0	select 8♦
BXEMK4GS	blind	a4	r8	play this blind
IAYWIB88	hand	a1	r0	play selected
Q7MYN97Y	hand	a1	r0	play selected
7OCJYAIA	hand	a1	r0	select Q♣
O9RZPIMB	hand	a1	r0	select Q♣
BXEMK4GS	hand	a4	r8	select A♣
VG0JYE4M	hand	a1	r0	play selected
Q7MYN97Y	hand	a1	r0	select Q♠
O9RZPIMB	hand	a1	r0	discard selected
BXEMK4GS	hand	a4	r8	select A♦
VG0JYE4M	hand	a1	r0	select 9♠
Q7MYN97Y	hand	a1	r0	play selected
BXEMK4GS	hand	a4	r8	play selected
O9RZPIMB	hand	a1	r0	select 3♦
VG0JYE4M	hand	a1	r0	discard selected
7OCJYAIA	hand	a1	r0	play selected
BXEMK4GS	shop	a4	r9	buy booster Celestial Pack $4
O9RZPIMB	hand	a1	r0	play selected
VG0JYE4M	hand	a1	r0	select 7♣
BXEMK4GS	pack	a4	r9	take planet Jupiter (+Flush)
O9RZPIMB	hand	a1	r0	select K♠
YQT510RW	hand	a1	r0	select 9♠
VG0JYE4M	hand	a1	r0	play selected
BXEMK4GS	shop	a4	r9	buy booster Jumbo Arcana Pack $6
BXEMK4GS	pack	a4	r9	take tarot Temperance
YQT510RW	hand	a1	r0	play selected
O9RZPIMB	hand	a1	r0	play selected
BXEMK4GS	shop	a4	r9	leave shop
O9RZPIMB	hand	a1	r0	select K♥
BXEMK4GS	blind	a4	r9	play this blind
QE7D2NYN	hand	a1	r0	deselect Q♣
O9RZPIMB	hand	a1	r0	play selected
QE7D2NYN	hand	a1	r0	select Q♣
TXH69820	hand	a1	r0	select J♦
BXEMK4GS	hand	a4	r9	select A♥(mult)
O9RZPIMB	hand	a1	r0	select K♣
QE7D2NYN	hand	a1	r0	deselect Q♣
BXEMK4GS	hand	a4	r9	play selected
O9RZPIMB	hand	a1	r0	play selected
BXEMK4GS	hand	a4	r9	select A♣
QE7D2NYN	hand	a1	r0	select Q♣
TXH69820	hand	a1	r0	play selected
BXEMK4GS	hand	a4	r9	select Q♣
TXH69820	hand	a1	r0	select 6♣
QE7D2NYN	hand	a1	r0	deselect Q♣
BXEMK4GS	hand	a4	r9	play selected
TXH69820	hand	a1	r0	select 10♠
QE7D2NYN	hand	a1	r0	select Q♣
BXEMK4GS	shop	a4	r10	buy booster Jumbo Buffoon Pack $6
BXEMK4GS	pack	a4	r10	skip pack
TXH69820	hand	a1	r0	play selected
QE7D2NYN	hand	a1	r0	deselect Q♣
BXEMK4GS	shop	a4	r10	buy booster Standard Pack $4
TXH69820	hand	a1	r0	select J♥
QE7D2NYN	hand	a1	r0	select Q♣
TXH69820	hand	a1	r0	play selected
BXEMK4GS	pack	a4	r10	take card 5♠(foil,Blue seal)
QE7D2NYN	hand	a1	r0	deselect Q♣
TXH69820	hand	a1	r0	select 8♠
BXEMK4GS	shop	a4	r10	leave shop
BXEMK4GS	blind	a4	r10	play this blind
TXH69820	hand	a1	r0	select 8♦
QE7D2NYN	hand	a1	r0	select Q♣
BXEMK4GS	hand	a4	r10	select J♦
TXH69820	hand	a1	r0	play selected
QE7D2NYN	hand	a1	r0	deselect Q♣
BXEMK4GS	hand	a4	r10	select face-down card
BXEMK4GS	hand	a4	r10	play selected
QE7D2NYN	hand	a1	r0	select Q♣
QE7D2NYN	hand	a1	r0	deselect Q♣
BXEMK4GS	hand	a4	r10	select A♥(mult)
QE7D2NYN	hand	a1	r0	select Q♣
BXEMK4GS	hand	a4	r10	play selected
QE7D2NYN	hand	a1	r0	deselect Q♣
BXEMK4GS	shop	a5	r11	buy planet Pluto (+High Card) $3
QE7D2NYN	hand	a1	r0	select Q♣
BXEMK4GS	shop	a5	r11	buy booster Celestial Pack $4
QE7D2NYN	hand	a1	r0	play selected
QE7D2NYN	hand	a1	r0	select K♣
BXEMK4GS	pack	a5	r11	take planet Jupiter (+Flush)
QE7D2NYN	hand	a1	r0	play selected
BXEMK4GS	shop	a5	r11	buy booster Celestial Pack $4
BXEMK4GS	pack	a5	r11	take planet Venus (+Three of a Kind)
QE7D2NYN	hand	a1	r0	select A♠
BXEMK4GS	shop	a5	r11	buy voucher Nacho Tong $10
QE7D2NYN	hand	a1	r0	play selected
BXEMK4GS	shop	a5	r11	use Pluto
BXEMK4GS	shop	a5	r11	leave shop
BXEMK4GS	blind	a5	r11	play this blind
BXEMK4GS	hand	a5	r11	select A♣
BXEMK4GS	hand	a5	r11	select K♦
BXEMK4GS	hand	a5	r11	play selected
BXEMK4GS	hand	a5	r11	select 7♦
BXEMK4GS	hand	a5	r11	discard selected
BXEMK4GS	hand	a5	r11	select 10♠
BXEMK4GS	hand	a5	r11	play selected
BXEMK4GS	hand	a5	r11	select 8♠
BXEMK4GS	hand	a5	r11	play selected
BXEMK4GS	shop	a5	r12	buy booster Jumbo Celestial Pack $6
BXEMK4GS	pack	a5	r12	take planet Jupiter (+Flush)
BXEMK4GS	shop	a5	r12	buy booster Arcana Pack $4
BXEMK4GS	pack	a5	r12	take tarot The Emperor
BXEMK4GS	shop	a5	r12	leave shop
BXEMK4GS	blind	a5	r12	play this blind
BXEMK4GS	hand	a5	r12	select K♠
BXEMK4GS	hand	a5	r12	play selected
BXEMK4GS	hand	a5	r12	select 6♣(mult)
BXEMK4GS	hand	a5	r12	play selected
BXEMK4GS	hand	a5	r12	select 5♦
BXEMK4GS	hand	a5	r12	play selected
BXEMK4GS	shop	a5	r13	buy booster Celestial Pack $4
BXEMK4GS	pack	a5	r13	take planet Jupiter (+Flush)
BXEMK4GS	shop	a5	r13	buy booster Spectral Pack $4
BXEMK4GS	pack	a5	r13	take spectral Deja Vu (then choose its target cards)
BXEMK4GS	pack	a5	r13	select 9♥(steel)
BXEMK4GS	pack	a5	r13	apply Deja Vu to selected
BXEMK4GS	shop	a5	r13	leave shop
BXEMK4GS	blind	a5	r13	play this blind
BXEMK4GS	hand	a5	r13	select J♦
BXEMK4GS	hand	a5	r13	select K♣
BXEMK4GS	hand	a5	r13	play selected
BXEMK4GS	hand	a5	r13	select 7♦
BXEMK4GS	hand	a5	r13	play selected
BXEMK4GS	hand	a5	r13	select 10♣
BXEMK4GS	hand	a5	r13	discard selected
BXEMK4GS	hand	a5	r13	select 2♦
BXEMK4GS	hand	a5	r13	select 8♠
BXEMK4GS	hand	a5	r13	play selected
BXEMK4GS	hand	a5	r13	select 9♥(steel,Red seal)
BXEMK4GS	hand	a5	r13	play selected
BXEMK4GS	hand	a5	r13	select 8♣
BXEMK4GS	hand	a5	r13	play selected
BXEMK4GS	hand	a5	r13	select 5♦
BXEMK4GS	hand	a5	r13	play selected
